model_name,target_strategy,fit_time_seconds__mean,fit_time_seconds__std,best_inner_cv_score__mean,best_inner_cv_score__std,target_delta_kinematic_viscosity_pct__rmse__mean,target_delta_kinematic_viscosity_pct__rmse__std,target_delta_kinematic_viscosity_pct__mae__mean,target_delta_kinematic_viscosity_pct__mae__std,target_delta_kinematic_viscosity_pct__r2__mean,target_delta_kinematic_viscosity_pct__r2__std,target_delta_kinematic_viscosity_pct__nrmse_iqr__mean,target_delta_kinematic_viscosity_pct__nrmse_iqr__std,target_oxidation_eot_a_per_cm__rmse__mean,target_oxidation_eot_a_per_cm__rmse__std,target_oxidation_eot_a_per_cm__mae__mean,target_oxidation_eot_a_per_cm__mae__std,target_oxidation_eot_a_per_cm__r2__mean,target_oxidation_eot_a_per_cm__r2__std,target_oxidation_eot_a_per_cm__nrmse_iqr__mean,target_oxidation_eot_a_per_cm__nrmse_iqr__std,combined_score__mean,combined_score__std,combined_r2_mean__mean,combined_r2_mean__std,rank_combined_score
deep_sets_v1,raw,0.8012522417935543,0.29930045364610064,0.3957238979637623,0.31893032852629455,142.43794566896946,66.30548834530325,65.98200106373498,18.777556014097346,-1.4191199694425831,4.082784110387022,3.009674694292322,1.55256344519979,21.329622550981334,3.2715507880197263,16.30157262067744,2.8449785195821424,0.6204259888824695,0.16791279454476712,0.3528796404407107,0.05615368768066367,1.6812771673665161,0.7864230154757258,-0.3993469902800569,2.016693593444451,1
deep_sets_v1,viscosity_asinh,0.8407700168085285,0.5637577738369742,0.39307049177587033,0.17763967632425082,519.1471088985143,783.5358567614285,128.33983681477667,148.58219858654712,-26.338492191145225,51.067558974067815,10.991248656153337,16.644231376564036,35.61316544350122,30.002581159496593,19.22497661049991,5.532365303701828,-0.5447798446055925,2.5099580698669657,0.5906492210216874,0.5008740972267296,5.790948938587512,8.56826097553909,-13.441636017875407,26.766025684474588,2
